1/10/2023 14:16,1/27/2023 10:35
1/11/2023 14:33,1/11/2023 14:35
1/12/2023 22:09,1/12/2023 22:35
1/13/2023 18:25,1/13/2023 18:28
1/19/2023 11:29,1/19/2023 22:32
1/18/2023 12:25,1/20/2023 17:50
1/21/2023 12:21,1/24/2023 13:29
1/23/2023 10:00,1/23/2023 10:05
1/24/2023 7:44,2/6/2023 16:30
2/2/2023 13:33,2/7/2023 17:18
2/2/2023 16:30,2/7/2023 10:20
2/3/2023 2:30,2/3/2023 13:30
2/7/2023 14:37,2/8/2023 11:25
2/7/2023 16:57,2/7/2023 17:18
2/8/2023 0:12,2/8/2023 10:00
2/8/2023 13:33,2/8/2023 19:26
2/10/2023 2:50,2/10/2023 11:20
2/10/2023 15:33,2/10/2023 22:09
2/11/2023 11:23,2/11/2023 11:38
2/14/2023 4:28,2/14/2023 10:34
2/15/2023 0:34,2/17/2023 12:13
2/15/2023 13:41,2/16/2023 0:30
2/16/2023 17:33,2/18/2023 0:36
2/17/2023 13:43,2/23/2023 21:54
2/18/2023 4:30,2/27/2023 16:17
2/20/2023 15:35,2/20/2023 19:53
2/20/2023 15:35,2/20/2023 19:53
2/20/2023 17:04,2/21/2023 2:09
2/22/2023 5:16,3/2/2023 14:04
2/22/2023 13:10,2/22/2023 18:33
2/24/2023 7:45,2/24/2023 8:30
2/25/2023 10:43,3/10/2023 11:16
2/27/2023 6:23,3/7/2023 9:30
2/28/2023 16:22,2/28/2023 17:18
3/8/2023 13:54,3/30/2023 15:31
2/15/2023 11:19,3/28/2023 13:15
3/10/2023 8:11,3/10/2023 10:10
3/13/2023 17:18,3/14/2023 18:00
3/14/2023 17:27,3/21/2023 11:06
3/16/2023 15:25,3/16/2023 16:06
3/16/2023 15:32,3/16/2023 15:58
3/16/2023 16:56,3/16/2023 17:23
3/17/2023 12:08,3/17/2023 16:18
3/20/2023 14:03,3/29/2023 18:43
3/20/2023 12:48,3/20/2023 12:49
3/21/2023 14:38,
3/22/2023 11:40,3/29/2023 18:44
3/22/2023 22:15,3/22/2023 22:20
3/21/2023 12:00,3/29/2023 5:30
3/24/2023 12:22,
3/26/2023 17:08,
3/27/2023 14:20,3/29/2023 18:45
3/28/2023 12:43,
3/27/2023 18:19,3/31/2023 17:15
4/3/2023 14:02,4/3/2023 14:12
4/4/2023 13:25,4/4/2023 13:55
4/5/2023 17:04,4/6/2023 16:23
4/5/2023 17:04,4/6/2023 0:14
4/8/2023 17:22,
4/10/2023 15:05,
4/13/2023 20:20,
4/18/2023 3:00,
